id,huml,humw,ulnal,ulnaw,feml,femw,tibl,tibw,tarl,tarw,type,len_type,Mean_Features,huml_and_humw
0,80.78,6.68,72.01,4.88,41.81,3.7,5.5,4.03,38.7,3.84,SW,2,26.193,87.46000000000001
1,88.91,6.63,80.53,5.59,47.04,4.3,80.22,4.51,41.5,4.01,SW,2,36.324,95.53999999999999
2,79.97,6.37,69.26,5.28,43.07,3.9,75.35,4.04,38.31,3.34,SW,2,32.889,86.34
3,77.65,5.7,65.76,4.77,40.04,3.52,69.17,3.4,35.78,3.41,SW,2,30.919999999999998,83.35000000000001
4,62.8,4.84,52.09,3.73,33.95,2.72,56.27,2.96,31.88,3.13,SW,2,25.437000000000005,67.64
5,61.92,4.78,50.46,3.47,49.52,4.41,56.95,2.73,29.07,2.83,SW,2,26.613999999999997,66.7
6,79.73,5.94,67.39,4.5,42.07,3.41,71.26,3.56,37.22,3.64,SW,2,31.872000000000003,85.67
7,86.98,5.68,74.52,4.55,44.46,3.78,76.02,3.81,37.94,3.81,SW,2,34.155,92.66
8,118.2,7.82,116.64,6.13,59.33,5.45,110.0,5.58,61.62,4.37,SW,2,49.513999999999996,126.02000000000001
9,145.0,10.42,144.0,7.05,70.96,7.44,120.0,7.31,78.67,6.34,SW,2,59.718999999999994,155.42
10,165.0,11.45,156.0,8.68,80.25,7.85,143.0,8.25,86.61,6.63,SW,2,67.372,176.45
11,186.0,9.83,152.0,8.76,56.02,7.02,185.0,8.07,90.8,4.59,SW,2,70.809,195.83
12,172.0,8.44,142.0,8.43,52.18,6.68,180.0,9.62,82.58,5.5,SW,2,66.74300000000001,180.44
13,148.91,6.78,121.35,6.5,44.29,6.33,155.0,6.68,73.71,4.24,SW,2,57.379,155.69
14,149.19,6.98,121.48,6.21,43.33,5.39,155.0,6.61,75.65,3.36,SW,2,57.31999999999999,156.17
15,140.59,6.59,115.97,5.81,39.75,5.61,166.0,7.83,74.86,3.52,SW,2,56.653,147.18
16,135.23,6.22,108.78,5.83,37.99,5.13,157.0,7.18,72.44,3.53,SW,2,53.93299999999999,141.45
17,124.53,6.01,100.37,5.82,34.54,5.43,145.0,7.12,65.92,3.28,SW,2,49.802,130.54
18,127.03,6.18,102.53,5.64,36.52,4.89,150.0,6.78,67.27,3.06,SW,2,50.989999999999995,133.21
19,106.02,4.47,95.79,4.33,41.96,4.8,129.59,6.94,70.29,3.35,SW,2,46.754000000000005,110.49
20,113.84,4.8,100.71,4.39,43.95,5.08,133.27,7.41,70.91,2.69,SW,2,48.705,118.64
21,108.62,5.04,97.7,4.66,45.08,5.78,128.0,7.14,65.48,4.25,SW,2,47.175,113.66000000000001
22,110.33,5.86,97.1,4.6,43.82,5.73,126.0,7.86,64.17,3.84,SW,2,46.931,116.19
23,63.62,3.42,59.0,2.75,30.16,2.92,74.66,4.38,39.26,1.97,SW,2,28.214,67.03999999999999
24,70.73,3.69,65.19,2.93,32.52,3.54,80.42,4.36,43.7,2.28,SW,2,30.936,74.42
25,71.65,3.37,66.11,2.77,36.98,3.06,77.11,3.94,38.04,2.83,SW,2,30.586000000000002,75.02000000000001
26,47.51,7.23,32.49,8.26,50.29,5.0,75.2,4.95,22.51,10.73,SW,2,26.417,54.739999999999995
27,46.2,7.06,32.73,8.58,52.15,5.11,75.99,4.77,23.24,10.24,SW,2,26.607,53.260000000000005
28,41.13,6.71,31.0,7.73,49.51,4.69,71.94,4.54,22.46,9.45,SW,2,24.916,47.84
29,72.5,14.78,45.83,10.33,77.02,7.76,128.75,6.49,32.48,13.82,SW,2,40.976000000000006,87.28
30,75.05,12.55,44.05,8.62,75.31,6.76,112.6,7.22,34.31,14.09,SW,2,39.056,87.6
31,175.0,10.69,228.0,8.65,47.13,6.16,64.53,4.41,18.42,3.65,SW,2,56.66399999999999,185.69
32,188.0,11.35,250.0,9.64,52.49,7.6,69.06,5.13,19.52,6.51,SW,2,61.93000000000001,199.35
33,210.0,13.03,278.0,10.74,56.87,8.03,76.66,5.2,22.54,7.16,SW,2,68.823,223.03
34,185.0,10.91,235.0,8.02,51.0,6.71,68.67,4.24,20.14,6.3,SW,2,59.59899999999999,195.91
35,179.0,11.16,222.0,8.57,47.51,6.39,65.18,4.51,19.67,6.64,SW,2,57.06299999999999,190.16
36,183.0,11.37,280.0,9.22,52.34,7.24,68.09,4.61,20.08,6.41,SW,2,64.23600000000002,194.37
37,185.0,12.47,242.0,9.8,52.39,7.5,68.01,4.66,19.44,7.21,SW,2,60.84800000000001,197.47
38,272.0,14.86,320.0,10.42,91.6,9.71,132.0,10.23,81.77,8.91,SW,2,95.15,286.86
39,270.0,14.25,310.0,10.9,86.2,9.96,125.76,9.63,79.18,10.05,SW,2,92.593,284.25
40,100.62,6.6,110.0,5.8,36.11,2.93,55.1,3.19,28.81,4.82,SW,2,35.398,107.22
41,100.05,6.36,107.8,5.83,36.79,3.19,54.97,3.38,27.78,5.07,SW,2,35.122,106.41
42,147.0,8.44,155.0,5.9,58.41,6.87,108.97,7.63,63.4,6.7,SW,2,56.83200000000001,155.44
43,156.0,8.38,167.0,6.02,59.3,6.89,112.0,7.73,66.32,6.91,SW,2,59.65499999999999,164.38
44,127.39,6.81,131.0,4.83,49.69,5.04,87.93,6.1,52.88,5.1,SW,2,47.67700000000001,134.2
45,108.84,6.98,116.0,4.51,48.81,5.31,87.72,7.11,47.46,4.93,SW,2,43.766999999999996,115.82000000000001
46,132.0,8.27,142.0,5.68,55.95,6.45,117.14,7.9,61.71,6.02,SW,2,54.31199999999999,140.27
47,177.0,9.21,193.0,7.48,58.5,7.02,90.71,6.69,55.77,8.79,SW,2,61.41700000000001,186.21
48,182.0,9.14,196.0,7.41,60.48,6.76,91.0,6.55,57.24,8.23,SW,2,62.480999999999995,191.14
49,150.0,8.05,167.0,6.66,52.98,5.9,78.22,5.62,46.05,7.97,SW,2,52.845000000000006,158.05
50,171.0,8.39,187.0,6.68,58.67,6.7,87.57,6.34,50.44,8.41,SW,2,59.11999999999999,179.39
51,161.0,8.22,181.0,6.72,49.83,5.36,69.04,5.18,37.31,7.44,SW,2,53.110000000000014,169.22
52,175.0,9.12,201.0,7.24,55.21,6.08,74.38,5.43,39.62,7.87,SW,2,58.09499999999999,184.12
53,22.63,2.48,27.24,2.03,21.04,2.02,37.69,1.82,21.91,1.72,SW,2,14.057999999999998,25.11
54,24.11,2.33,28.05,1.89,22.08,2.05,40.13,1.68,23.73,1.77,SW,2,14.782,26.439999999999998
55,28.98,2.74,36.37,2.29,28.41,2.49,50.89,2.19,32.07,2.03,SW,2,18.846,31.72
56,310.0,14.4,315.0,9.51,88.77,8.1,180.0,9.45,96.13,7.69,SW,2,103.90500000000002,324.4
57,250.0,11.91,252.0,8.31,73.04,7.37,160.0,8.47,82.46,7.04,SW,2,86.06,261.91
58,420.0,17.84,422.0,11.72,110.54,9.99,237.0,11.03,128.35,8.93,SW,2,137.73999999999998,437.84
59,250.0,11.28,247.5,7.5,69.04,6.2,156.0,7.19,83.36,6.13,SW,2,84.42,261.28
60,300.0,12.48,300.0,8.65,84.05,8.53,178.0,9.61,99.01,7.55,SW,2,100.78799999999998,312.48
61,23.67,1.92,20.75,1.82,16.16,1.68,45.36,1.58,31.63,1.83,SW,2,14.640000000000004,25.590000000000003
62,30.11,2.54,28.72,2.34,20.66,2.17,57.89,2.38,34.75,2.52,SW,2,18.408,32.65
63,36.5,2.46,34.42,2.25,17.8,1.59,42.5,1.48,25.53,1.31,SW,2,16.583999999999996,38.96
64,83.45,4.43,81.59,4.0,38.16,3.24,79.1,3.1,44.31,2.82,SW,2,34.42,87.88
65,86.23,4.53,83.31,3.7,38.9,3.16,83.26,3.64,46.04,2.76,SW,2,35.553,90.76
66,34.38,1.88,35.11,1.71,14.35,1.17,37.47,1.29,25.45,1.13,SW,2,15.394,36.260000000000005
67,32.47,1.94,31.74,1.78,14.37,1.23,33.29,1.17,20.79,1.09,SW,2,13.987,34.41
68,38.34,2.37,36.96,2.01,15.12,1.3,35.46,1.27,22.96,1.2,SW,2,15.699000000000002,40.71
69,41.21,2.5,43.1,2.43,18.2,1.44,44.69,1.58,30.82,1.36,SW,2,18.733,43.71
70,26.63,1.63,27.19,1.72,12.21,1.02,31.56,1.07,21.62,0.83,SW,2,12.547999999999998,28.259999999999998
71,26.81,1.66,26.48,1.51,12.54,0.97,31.55,1.01,21.17,0.88,SW,2,12.458,28.47
72,45.26,3.29,36.73,3.1,25.21,2.1,49.09,2.38,27.53,2.03,SW,2,19.672,48.55
73,43.45,3.2,34.19,3.22,23.83,2.18,48.1,2.09,26.24,1.92,SW,2,18.842000000000002,46.650000000000006
74,99.45,4.92,93.55,4.07,41.05,3.42,86.62,3.61,46.44,2.99,SW,2,38.61200000000001,104.37
75,106.94,5.72,104.57,4.37,44.99,3.62,93.84,4.13,51.17,3.33,SW,2,42.267999999999994,112.66
76,109.25,5.97,104.78,4.8,48.42,4.05,94.23,4.36,52.01,3.48,SW,2,43.135000000000005,115.22
77,107.25,6.13,105.17,4.81,45.45,4.34,92.31,4.53,48.26,3.22,SW,2,42.147,113.38
78,53.12,3.0,52.74,2.8,22.79,1.95,52.24,2.14,30.91,1.73,SW,2,22.341999999999995,56.12
79,54.19,3.16,54.28,3.21,23.08,1.98,53.7,2.04,31.29,1.56,SW,2,22.848999999999997,57.349999999999994
80,64.72,4.04,61.4,3.13,32.83,2.48,64.58,2.65,31.12,2.14,SW,2,26.909,68.76
81,69.12,4.35,65.47,3.65,36.4,2.81,67.5,2.63,33.16,2.23,SW,2,28.732000000000006,73.47
82,143.0,6.94,143.86,5.47,47.68,4.44,108.1,5.31,63.04,3.82,SW,2,53.16600000000001,149.94
83,154.3,7.46,154.66,6.09,51.08,5.27,112.75,5.36,65.16,4.07,SW,2,56.620000000000005,161.76000000000002
84,90.49,4.7,97.02,4.11,29.97,2.53,58.83,2.67,34.32,2.75,SW,2,32.739,95.19
85,89.59,5.11,98.02,4.46,29.96,2.55,58.09,2.79,34.4,2.94,SW,2,32.791000000000004,94.7
86,89.0,4.8,93.9,3.96,31.97,2.77,62.66,2.73,36.49,3.23,SW,2,33.151,93.8
87,89.48,4.76,92.4,4.09,28.69,2.58,57.8,2.69,31.94,2.66,SW,2,31.709000000000003,94.24000000000001
88,80.7,5.23,85.96,4.25,32.8,2.98,70.57,2.88,39.77,2.38,SW,2,32.751999999999995,85.93
89,80.97,5.25,86.64,3.99,32.47,2.76,70.28,3.04,39.08,2.38,SW,2,32.686,86.22
90,75.94,5.25,80.66,4.26,30.94,2.85,68.23,2.97,37.38,2.47,SW,2,31.095000000000006,81.19
91,107.84,4.02,70.21,3.29,26.52,1.97,52.41,2.56,30.71,1.9,SW,2,30.142999999999994,111.86
92,69.37,4.07,67.08,3.61,28.5,2.26,53.42,2.03,31.08,1.99,SW,2,26.341,73.44
93,102.8,5.82,106.74,4.71,70.72,3.05,70.74,3.09,40.27,3.0,SW,2,41.094,108.62
94,100.28,5.6,109.44,4.88,37.94,2.94,72.52,3.39,40.43,2.89,SW,2,38.03099999999999,105.88
95,72.17,3.94,74.39,3.56,24.29,1.83,50.64,2.32,28.4,2.2,SW,2,26.373999999999995,76.11
96,103.14,5.92,103.65,4.78,38.8,3.41,75.54,3.47,42.89,3.12,SW,2,38.47200000000001,109.06
97,107.41,5.69,110.5,5.32,40.62,3.15,81.86,3.71,44.62,2.95,SW,2,40.58299999999999,113.1
98,68.06,3.76,69.61,3.2,25.01,2.05,51.08,2.58,27.19,2.0,SW,2,25.454,71.82000000000001
99,65.71,3.81,68.64,3.36,24.55,1.97,48.94,1.94,28.1,2.25,SW,2,24.927,69.52
100,67.06,3.54,67.98,3.24,24.82,1.77,51.88,1.86,30.11,1.63,SW,2,25.389000000000003,70.60000000000001
101,67.59,3.73,68.55,3.19,24.46,1.89,50.06,2.36,27.21,1.77,SW,2,25.081000000000003,71.32000000000001
102,100.27,5.75,107.95,4.86,35.5,3.03,69.54,3.21,39.83,3.28,SW,2,37.321999999999996,106.02
103,68.5,3.77,71.15,3.34,24.86,1.95,51.44,2.1,30.13,2.37,SW,2,25.961000000000002,72.27
104,68.15,3.84,72.31,3.42,24.23,1.9,50.26,2.13,29.16,2.05,SW,2,25.744999999999997,71.99000000000001
105,107.76,4.71,110.21,4.12,36.15,3.11,76.18,3.77,49.61,3.35,SW,2,39.897000000000006,112.47
106,109.7,4.65,109.87,4.04,35.16,3.25,76.8,3.56,47.27,2.98,SW,2,39.728,114.35000000000001
107,100.69,4.8,101.28,4.13,36.36,3.36,85.62,4.2,52.54,3.03,SW,2,39.601,105.49
108,100.08,5.07,100.81,4.04,37.15,3.77,87.55,3.96,52.91,2.82,SW,2,39.816,105.15
109,70.04,4.74,61.26,3.97,28.12,2.98,71.11,3.44,40.23,1.91,SW,2,28.78,74.78
110,75.95,5.42,66.16,4.16,30.71,3.1,78.94,3.56,44.82,2.22,SW,2,31.504,81.37
111,106.23,6.82,104.02,5.07,40.06,4.96,105.34,4.99,57.27,3.2,SW,2,43.796,113.05000000000001
112,105.19,7.1,96.85,5.43,37.61,4.43,102.04,4.9,54.78,2.83,SW,2,42.116,112.28999999999999
113,76.49,5.36,69.06,4.02,30.07,3.03,72.41,3.71,43.11,2.08,SW,2,30.933999999999997,81.85
114,65.66,3.79,61.06,3.35,24.95,2.44,63.76,2.72,40.19,1.89,SW,2,26.980999999999995,69.45
115,98.73,6.48,91.69,5.31,35.34,4.02,92.36,4.46,50.53,2.69,SW,2,39.160999999999994,105.21000000000001
116,157.0,9.0,192.0,7.02,85.6,6.44,227.0,6.84,175.0,6.77,W,1,87.267,166.0
117,190.0,11.92,225.0,8.55,101.75,7.75,240.0,7.71,175.0,7.0,W,1,97.468,201.92
118,70.01,3.71,76.9,2.88,49.42,3.08,79.56,3.35,52.74,3.02,W,1,34.467000000000006,73.72
119,92.93,5.28,110.94,3.87,55.11,4.16,137.0,4.29,96.37,3.79,W,1,51.374,98.21000000000001
120,118.52,6.87,134.91,5.06,78.2,5.24,132.0,5.38,85.28,4.74,W,1,57.620000000000005,125.39
121,120.26,7.01,132.42,5.4,67.0,5.35,130.1,5.22,87.53,5.12,W,1,56.541,127.27000000000001
122,67.63,4.37,60.17,3.73,53.03,4.08,92.18,4.31,54.38,4.14,W,1,34.80200000000001,72.0
123,57.08,4.28,46.72,3.63,53.64,4.11,89.93,4.23,58.14,4.32,W,1,32.608,61.36
124,48.19,3.44,43.71,3.01,50.46,3.6,94.86,3.45,55.0,4.57,W,1,31.028999999999996,51.629999999999995
125,30.99,2.09,26.14,1.82,32.83,2.09,50.67,1.98,30.8,1.95,W,1,18.136,33.08
126,34.17,2.21,27.8,1.97,35.82,2.32,51.77,2.06,33.13,1.93,W,1,19.318,36.38
127,37.64,2.2,31.58,1.87,37.69,2.37,57.06,2.19,37.19,2.2,W,1,21.199,39.84
128,35.11,2.51,29.18,2.54,23.2,1.81,38.09,1.84,18.33,1.57,W,1,15.418000000000001,37.62
129,33.37,2.69,30.06,2.51,22.86,1.84,38.3,1.87,19.13,1.54,W,1,15.416999999999998,36.059999999999995
130,34.8,2.44,29.12,2.38,23.16,1.6,35.5,1.51,19.07,1.47,W,1,15.104999999999999,37.239999999999995
131,74.89,5.63,60.54,4.67,45.38,3.3,72.16,3.53,31.94,4.36,W,1,30.639999999999997,80.52
132,76.71,5.82,61.54,5.2,47.87,3.53,75.24,4.21,35.11,4.47,W,1,31.97,82.53
133,45.25,3.5,38.72,3.33,28.6,2.03,46.36,2.39,24.03,1.99,W,1,19.62,48.75
134,46.4,3.39,38.6,3.32,29.0,2.36,49.08,2.49,26.55,2.19,W,1,20.338,49.79
135,45.68,3.95,38.98,3.51,29.15,2.44,45.23,2.52,24.64,2.64,W,1,19.874000000000002,49.63
136,45.18,3.44,38.53,3.15,28.31,2.21,46.93,2.36,25.86,2.12,W,1,19.809000000000005,48.62
137,50.22,4.31,36.33,3.79,25.7,2.24,46.42,2.1,25.87,1.45,W,1,19.842999999999996,54.53
138,44.71,3.93,32.87,2.97,20.87,1.76,40.79,1.8,23.42,1.25,W,1,17.437,48.64
139,84.92,7.9,63.16,5.78,46.77,3.84,82.87,4.36,37.17,3.23,W,1,34.00000000000001,92.82000000000001
140,88.16,8.15,66.99,6.25,46.55,3.86,83.02,3.99,36.71,3.84,W,1,34.751999999999995,96.31
141,82.39,4.8,92.5,3.64,47.86,4.05,140.0,4.26,95.39,3.43,W,1,47.832,87.19
142,83.48,5.06,94.46,3.57,49.26,4.04,110.0,3.8,82.0,3.45,W,1,43.912,88.54
143,27.94,1.93,30.25,1.66,19.55,1.52,35.21,1.38,24.47,1.16,W,1,14.507,29.87
144,29.4,2.05,32.56,1.9,20.92,1.46,38.96,1.45,23.98,1.2,W,1,15.387999999999996,31.45
145,68.92,4.48,75.44,3.97,38.49,3.02,89.16,3.53,67.75,2.84,W,1,35.76,73.4
146,67.37,4.34,78.5,4.05,27.53,2.53,45.73,2.53,25.57,2.25,W,1,26.040000000000003,71.71000000000001
147,38.79,2.61,46.6,2.64,18.64,1.54,32.09,1.37,15.8,1.28,W,1,16.136000000000003,41.4
148,116.72,6.08,133.82,6.32,44.55,3.6,78.04,3.99,48.78,2.72,W,1,44.46200000000001,122.8
149,138.48,7.54,157.0,6.72,62.2,5.07,116.09,5.83,72.49,3.94,W,1,57.536,146.01999999999998
150,111.99,6.33,125.88,5.13,45.67,3.74,84.8,3.93,52.74,3.1,W,1,44.331,118.32
151,82.3,4.88,95.09,4.34,37.39,3.02,75.34,3.19,50.06,2.38,W,1,35.799,87.17999999999999
152,108.44,6.54,120.99,5.55,47.89,4.08,90.24,4.09,60.81,3.05,W,1,45.168,114.98
153,138.09,8.08,155.49,7.43,63.14,5.45,125.0,4.66,75.17,4.11,W,1,58.662,146.17000000000002
154,129.5,7.52,144.0,6.4,60.31,4.91,113.44,5.15,70.11,3.57,W,1,54.491,137.02
155,100.38,5.52,113.24,5.04,44.72,4.07,82.87,3.69,54.8,3.25,W,1,41.757999999999996,105.89999999999999
156,127.4,6.93,142.0,6.25,58.44,4.68,107.48,5.2,65.68,3.87,W,1,52.793000000000006,134.33
157,150.0,8.05,170.0,7.36,67.6,5.98,124.92,5.76,78.41,4.33,W,1,62.241,158.05
158,70.93,4.27,79.28,3.86,36.88,3.21,72.1,2.83,43.8,2.58,W,1,31.974,75.2
159,126.74,6.5,140.0,5.82,58.42,4.66,105.81,5.09,64.77,3.63,W,1,52.144000000000005,133.24
160,76.43,4.11,86.79,3.84,,,67.13,2.48,41.65,2.1,W,1,35.566250000000004,80.54
161,73.15,4.2,81.12,3.72,33.66,2.62,70.39,2.49,43.37,2.37,W,1,31.709000000000003,77.35000000000001
162,84.71,5.3,94.59,4.36,36.17,3.15,69.97,3.03,33.97,2.48,W,1,33.773,90.00999999999999
163,91.89,4.99,99.31,4.73,40.03,2.93,73.23,2.99,35.88,2.42,W,1,35.84,96.88
164,85.0,5.07,93.17,4.21,38.33,2.57,67.32,2.73,40.0,2.53,W,1,34.093,90.07
165,87.91,5.15,97.67,4.78,38.57,2.92,70.1,2.59,34.21,2.33,W,1,34.623,93.06
166,63.48,4.03,77.33,3.65,26.84,2.31,48.82,2.51,22.91,1.7,W,1,25.357999999999997,67.50999999999999
167,80.0,4.7,111.96,4.87,40.17,3.34,68.89,3.25,33.69,2.7,W,1,35.357,84.7
168,50.96,3.32,59.14,3.18,22.68,1.74,37.49,2.06,15.91,1.71,W,1,19.819000000000003,54.28
169,25.1,1.68,26.11,1.73,17.86,1.33,35.85,1.2,23.44,1.05,W,1,13.535000000000002,26.78
170,22.39,1.53,24.16,1.29,15.82,1.15,30.31,0.99,18.1,1.01,W,1,11.675,23.92
171,22.89,1.55,24.62,1.59,15.71,1.14,34.27,1.06,21.02,1.04,W,1,12.489,24.44
172,64.75,4.27,70.13,3.91,41.82,3.23,86.5,3.81,65.24,3.41,W,1,34.707,69.02
173,35.97,2.81,39.56,2.5,31.17,2.16,52.0,2.53,32.14,2.2,W,1,20.304000000000002,38.78
174,71.35,4.89,80.97,12.0,42.48,3.21,86.6,3.56,68.49,3.03,W,1,37.658,76.24
175,73.44,5.16,83.64,4.06,44.95,3.38,80.76,3.76,58.83,3.05,W,1,36.102999999999994,78.6
176,33.2,2.11,34.31,2.25,20.36,1.57,37.95,1.42,23.67,1.26,W,1,15.809999999999997,35.31
177,32.31,2.16,32.74,1.98,19.05,1.4,33.37,1.14,21.2,1.0,W,1,14.635000000000002,34.47
178,28.51,1.8,29.35,1.78,17.6,1.21,36.04,1.14,20.81,0.83,W,1,13.907,30.310000000000002
179,34.12,1.9,35.57,1.93,21.22,1.39,46.24,1.27,31.39,1.05,W,1,17.608000000000004,36.019999999999996
180,87.01,5.18,94.34,4.45,35.73,2.8,67.12,2.93,43.43,2.34,W,1,34.533,92.19
181,43.97,4.64,51.07,3.8,38.76,3.18,55.67,2.88,30.41,2.83,T,1,23.721000000000004,48.61
182,44.58,5.76,52.76,4.84,40.47,3.76,56.42,3.31,31.32,3.34,T,1,24.656,50.339999999999996
183,20.25,2.35,25.14,1.76,20.17,1.37,27.67,1.41,15.68,1.55,T,1,11.735000000000001,22.6
184,48.7,5.46,57.39,3.73,42.56,3.07,52.42,2.85,27.23,3.03,T,1,24.644000000000002,54.160000000000004
185,35.74,3.91,39.2,2.93,33.01,2.65,42.8,2.18,24.85,2.34,T,1,18.961000000000002,39.650000000000006
186,37.69,4.18,43.3,3.38,35.0,2.87,49.15,2.37,26.33,2.51,T,1,20.677999999999997,41.87
187,31.26,3.6,35.24,2.91,28.62,2.42,39.04,2.32,21.88,2.27,T,1,16.956,34.86
188,30.97,3.65,36.47,2.96,28.03,2.21,37.41,1.99,21.11,2.25,T,1,16.705000000000002,34.62
189,30.31,3.36,34.83,2.49,26.36,2.17,34.16,1.88,18.72,2.03,T,1,15.631,33.67
190,32.02,2.99,27.7,2.38,38.27,2.64,53.33,2.71,31.0,2.45,T,1,19.549,35.010000000000005
191,32.34,3.17,29.05,2.36,39.64,2.7,55.36,2.51,37.08,2.22,T,1,20.642999999999997,35.510000000000005
192,30.88,3.32,26.93,2.41,38.19,2.82,53.59,2.62,30.02,2.39,T,1,19.317,34.199999999999996
193,32.11,3.47,28.48,2.62,39.55,3.31,56.16,3.0,31.74,2.49,T,1,20.293,35.58
194,32.61,2.98,28.37,2.49,37.47,2.61,48.92,2.39,28.46,2.34,T,1,18.863999999999997,35.589999999999996
195,34.63,3.1,26.87,2.35,40.87,3.05,53.98,2.79,31.59,2.63,T,1,20.186,37.730000000000004
196,32.28,3.34,28.79,2.45,38.46,2.82,52.93,2.5,30.97,2.48,T,1,19.701999999999998,35.620000000000005
197,92.82,9.6,100.58,7.57,82.94,7.47,118.24,6.61,69.16,5.66,T,1,50.065000000000005,102.41999999999999
198,55.62,4.79,52.09,4.26,64.8,5.74,86.17,4.76,49.37,4.25,T,1,33.185,60.41
199,32.68,3.26,29.02,2.36,39.38,2.72,56.45,2.5,32.56,2.49,T,1,20.342000000000002,35.94
200,34.24,3.39,30.65,2.63,40.41,2.92,53.77,2.72,32.24,2.67,T,1,20.564,37.63
201,118.75,11.9,104.68,4.77,108.85,10.29,183.0,9.69,134.0,7.96,T,1,69.38900000000001,130.65
202,127.0,13.79,123.27,9.42,117.07,11.64,189.0,10.03,128.5,8.19,T,1,73.79100000000001,140.79
203,39.64,4.07,37.32,2.98,45.5,3.42,64.45,3.37,37.77,2.86,T,1,24.138,43.71
204,63.76,4.74,,,57.33,4.88,75.67,4.33,60.19,3.82,R,1,34.339999999999996,68.5
205,57.48,4.74,69.06,4.08,57.56,4.8,80.16,4.25,60.54,3.78,R,1,34.644999999999996,62.22
206,62.49,4.75,69.66,3.99,57.3,4.6,77.6,4.26,60.31,3.86,R,1,34.882,67.24000000000001
207,98.08,7.77,113.04,5.76,82.04,7.17,107.47,6.65,,,R,1,53.4975,105.85
208,54.47,4.37,63.29,3.32,47.83,3.45,64.25,3.15,54.97,2.86,R,1,30.195999999999998,58.839999999999996
209,57.56,4.33,67.15,3.54,55.19,4.21,75.03,3.71,59.33,3.29,R,1,33.333999999999996,61.89
210,52.88,4.47,62.02,3.76,47.09,3.64,63.42,3.4,54.54,2.9,R,1,29.812,57.35
211,110.87,8.26,129.05,6.78,80.8,7.98,112.36,7.18,84.69,7.11,R,1,55.508,119.13000000000001
212,117.37,9.25,136.52,7.0,87.49,8.92,119.17,7.89,86.61,7.36,R,1,58.758,126.62
213,102.35,7.01,118.67,5.72,78.75,6.89,104.01,6.12,80.1,6.1,R,1,51.572,109.36
214,108.37,7.49,129.39,6.0,82.29,6.74,113.39,6.38,86.05,6.15,R,1,55.225,115.86
215,81.39,5.77,94.83,4.8,65.97,5.52,91.63,5.38,73.29,5.11,R,1,43.36900000000001,87.16
216,83.13,5.8,95.42,4.4,66.98,5.14,90.6,4.95,75.64,4.56,R,1,43.662,88.92999999999999
217,89.63,6.44,104.11,5.26,72.24,6.32,97.78,5.81,76.76,5.29,R,1,46.964,96.07
218,89.05,6.28,102.09,5.37,70.32,5.9,96.12,5.7,75.05,5.12,R,1,46.1,95.33
219,98.94,7.13,119.72,5.6,74.17,6.3,106.5,5.8,83.13,5.86,R,1,51.315,106.07
220,121.59,8.17,148.52,6.44,89.67,7.63,116.71,6.87,83.28,6.8,R,1,59.568,129.76
221,130.06,9.51,155.0,7.18,94.79,8.64,125.53,7.87,53.83,7.89,R,1,60.03000000000001,139.57
222,116.41,6.85,131.0,5.8,75.36,6.55,119.87,6.1,99.72,6.06,R,1,57.372,123.25999999999999
223,107.06,8.62,129.08,6.48,71.03,6.87,100.06,6.1,68.64,5.87,R,1,50.981,115.68
224,120.0,8.38,130.0,6.41,89.93,8.46,116.17,7.52,84.18,6.97,R,1,57.802,128.38
225,85.45,6.16,99.32,4.81,53.01,4.27,69.15,4.21,37.61,5.47,R,1,36.946000000000005,91.61
226,83.02,5.95,96.97,4.38,51.87,4.21,66.6,4.06,36.6,5.63,R,1,35.929,88.97
227,71.97,6.18,84.68,5.14,63.79,5.43,82.93,4.63,52.71,4.72,R,1,38.218,78.15
228,82.58,7.32,97.52,6.19,71.37,6.3,91.66,5.65,56.93,5.99,R,1,43.151,89.9
229,45.37,3.72,51.37,3.16,39.02,2.99,53.23,2.68,38.07,2.29,R,1,24.189999999999998,49.089999999999996
230,41.65,3.62,46.01,3.03,38.37,2.85,48.11,2.55,35.49,2.22,R,1,22.39,45.269999999999996
231,42.46,3.49,47.34,3.27,36.03,2.94,49.17,2.68,34.38,2.25,R,1,22.401,45.95
232,145.0,10.37,188.0,7.92,77.09,7.75,125.48,7.9,51.99,9.64,R,1,63.114,155.37
233,142.0,9.6,82.0,7.31,77.96,7.03,124.98,7.05,51.82,8.26,R,1,51.801,151.6
234,145.0,10.31,188.0,7.85,78.86,7.72,126.54,7.13,53.64,8.88,R,1,63.39300000000001,155.31
235,57.41,3.82,70.39,3.08,39.7,3.37,66.58,3.33,46.81,2.78,R,1,29.726999999999997,61.23
236,50.78,3.15,62.89,2.69,36.32,2.84,62.53,2.75,44.08,2.61,R,1,27.064,53.93
237,119.12,7.57,137.37,6.06,75.53,6.35,115.02,6.22,60.99,7.91,R,1,54.214,126.69
238,117.43,7.13,136.26,5.51,75.54,5.85,115.3,5.45,59.45,8.25,R,1,53.617000000000004,124.56
239,116.85,7.43,134.8,6.19,73.51,6.1,112.66,5.94,61.25,6.9,R,1,53.163,124.28
240,119.58,8.04,138.39,6.25,76.36,6.5,115.9,6.07,59.9,6.92,R,1,54.391,127.62
241,126.88,8.01,148.47,6.59,81.42,6.71,124.05,6.58,64.57,7.97,R,1,58.125,134.89
242,47.16,2.82,55.41,2.37,34.58,2.47,53.22,2.29,33.77,2.51,R,1,23.659999999999997,49.98
243,44.91,2.54,48.45,2.14,34.87,2.48,50.87,2.27,29.8,2.7,R,1,22.103,47.449999999999996
244,61.6,3.42,66.26,2.59,37.04,2.84,63.03,2.87,44.51,2.43,R,1,28.659000000000002,65.02
245,94.03,5.88,104.09,4.32,56.76,4.98,96.6,4.87,68.65,4.4,R,1,44.45799999999999,99.91
246,90.13,5.92,104.28,4.4,54.55,4.65,94.99,4.42,67.55,4.14,R,1,43.503,96.05
247,100.29,6.33,112.19,4.69,59.71,4.94,102.54,5.33,71.03,4.95,R,1,47.199999999999996,106.62
248,96.46,5.71,111.85,4.2,59.82,4.65,99.16,4.56,73.95,4.29,R,1,46.46499999999999,102.16999999999999
249,93.37,5.33,102.65,3.9,58.55,4.62,101.24,4.57,71.3,4.38,R,1,44.991,98.7
250,99.69,6.09,111.0,4.26,60.84,4.75,104.72,4.92,71.23,4.21,R,1,47.17100000000001,105.78
251,34.84,2.44,40.68,2.04,38.43,2.54,42.48,2.45,20.07,3.15,R,1,18.912,37.28
252,33.12,2.4,39.85,1.8,27.46,2.19,38.99,2.15,19.1,2.89,R,1,16.994999999999997,35.519999999999996
253,35.63,2.4,42.67,2.02,28.51,2.41,42.64,2.46,21.05,3.12,R,1,18.291000000000004,38.03
254,29.26,2.66,27.63,2.23,27.87,2.03,38.9,1.81,25.22,1.62,P,1,15.922999999999998,31.92
255,30.6,2.45,25.9,1.87,32.36,2.1,50.25,1.88,33.58,1.88,P,1,18.287,33.050000000000004
256,30.25,2.29,25.14,1.87,31.61,2.18,50.98,2.0,33.5,1.93,P,1,18.175,32.54
257,42.52,2.99,36.73,2.91,52.24,3.81,81.57,3.71,61.27,2.71,P,1,29.046,45.510000000000005
258,45.6,3.35,38.73,3.52,54.45,4.1,83.59,3.72,63.91,2.67,P,1,30.364000000000004,48.95
259,43.97,3.54,38.38,3.14,52.49,4.25,83.15,4.12,61.08,3.04,P,1,29.716,47.51
260,46.38,3.41,39.8,3.48,54.67,4.08,85.88,4.04,63.75,3.09,P,1,30.857999999999997,49.790000000000006
261,45.57,4.64,57.13,2.93,28.32,2.26,36.95,1.96,19.75,2.16,P,1,20.167,50.21
262,33.81,2.8,42.82,2.22,18.88,1.45,26.28,1.31,14.45,1.29,P,1,14.530999999999997,36.61
263,31.72,2.64,40.0,1.99,20.36,1.59,32.21,1.62,17.72,1.52,P,1,15.137,34.36
264,9.85,2.88,14.73,1.73,16.27,1.22,20.89,1.25,7.77,1.23,P,1,7.781999999999999,12.73
265,44.47,4.24,55.77,3.43,38.57,3.06,52.8,2.82,18.57,3.6,P,1,22.733,48.71
266,18.46,1.79,21.12,1.47,18.83,1.21,26.33,1.05,11.41,1.56,P,1,10.323,20.25
267,18.55,2.12,21.08,1.41,18.19,1.3,25.97,1.17,11.26,1.57,P,1,10.261999999999999,20.67
268,27.57,2.67,31.6,2.12,18.92,1.52,30.42,1.58,12.46,1.46,P,1,13.032,30.240000000000002
269,27.07,2.66,31.95,1.87,18.8,1.51,26.38,1.33,12.52,1.16,P,1,12.524999999999999,29.73
270,26.92,2.73,31.54,2.01,19.1,1.59,26.68,1.35,13.21,1.23,P,1,12.636,29.650000000000002
271,49.12,3.59,60.95,2.99,26.35,2.0,37.29,1.81,10.39,2.03,P,1,19.652,52.709999999999994
272,48.8,3.78,59.47,3.17,26.14,2.24,36.01,1.63,11.65,2.0,P,1,19.489,52.58
273,47.17,3.96,56.57,2.87,33.6,2.68,50.66,2.49,32.03,2.06,P,1,23.409000000000002,51.13
274,37.86,3.24,46.72,2.63,27.52,2.26,42.49,1.89,26.88,1.54,P,1,19.302999999999997,41.1
275,39.98,3.34,47.5,2.64,28.57,2.53,42.96,2.2,27.66,1.67,P,1,19.904999999999998,43.31999999999999
276,44.18,3.88,50.72,3.49,39.58,3.9,50.89,3.61,35.14,2.82,P,1,23.820999999999998,48.06
277,41.36,3.52,49.34,2.83,30.97,2.46,44.31,2.43,29.97,2.05,P,1,20.924,44.88
278,41.66,3.56,48.82,2.8,31.94,2.52,46.19,2.31,30.73,1.95,P,1,21.247999999999998,45.22
279,31.28,2.83,36.88,2.2,22.3,2.1,32.6,1.68,20.47,1.54,P,1,15.388,34.11
280,34.07,3.26,41.34,2.62,24.25,2.3,36.35,2.13,24.69,2.12,P,1,17.313,37.33
281,33.79,3.04,42.13,2.56,23.09,2.21,34.74,2.07,22.12,1.78,P,1,16.753,36.83
282,34.15,2.98,40.67,2.45,24.72,1.98,37.35,1.93,23.49,1.67,P,1,17.139000000000003,37.129999999999995
283,36.88,3.18,46.28,2.77,26.08,2.19,39.44,2.03,25.6,1.98,P,1,18.642999999999997,40.06
284,28.55,2.65,33.74,2.38,19.56,1.98,29.21,1.64,18.75,1.53,P,1,13.998999999999999,31.2
285,30.51,2.69,35.33,2.29,21.9,2.04,32.26,1.65,22.52,1.43,P,1,15.262000000000004,33.2
286,29.81,2.59,35.05,2.28,21.48,2.11,31.89,1.84,21.67,1.52,P,1,15.024000000000001,32.4
287,27.72,2.67,32.0,2.21,22.68,2.13,32.5,1.76,19.65,1.64,P,1,14.495999999999999,30.39
288,29.14,2.75,32.91,2.16,23.13,2.11,33.89,1.8,20.86,1.7,P,1,15.044999999999998,31.89
289,27.85,2.65,32.62,2.05,22.84,2.14,33.62,1.91,20.82,1.8,P,1,14.830000000000002,30.5
290,20.06,1.73,23.15,1.49,16.63,1.57,24.71,1.29,15.19,1.24,P,1,10.706,21.79
291,41.6,3.74,56.5,3.02,37.0,2.99,62.9,2.82,38.21,2.51,P,1,25.129,45.34
292,29.61,2.41,33.93,2.02,30.79,2.19,51.64,2.01,37.33,1.78,SO,2,19.370999999999995,32.019999999999996
293,30.28,2.89,35.37,2.15,31.09,2.51,53.36,2.31,39.52,1.69,SO,2,20.117,33.17
294,28.1,2.44,32.5,2.19,29.68,2.33,50.47,2.21,37.98,1.79,SO,2,18.968999999999998,30.540000000000003
295,28.66,2.48,33.24,2.02,29.33,2.26,50.64,2.05,35.99,1.85,SO,2,18.852,31.14
296,36.36,3.31,40.51,2.56,37.52,2.85,53.96,2.63,42.71,2.41,SO,2,22.482000000000003,39.67
297,37.05,3.48,41.41,2.91,37.37,3.14,61.65,2.89,44.72,2.24,SO,2,23.686,40.529999999999994
298,41.19,3.78,43.24,2.91,39.61,3.15,64.68,2.99,46.74,2.54,SO,2,25.083000000000006,44.97
299,37.71,3.55,42.47,2.89,38.12,3.13,62.45,3.06,46.41,2.42,SO,2,24.220999999999997,41.26
300,38.66,3.83,43.71,3.02,40.05,3.51,64.97,2.95,47.69,2.57,SO,2,25.095999999999997,42.489999999999995
301,21.07,2.0,25.36,1.7,17.66,1.72,26.28,1.35,19.43,1.36,SO,2,11.793,23.07
302,21.46,1.97,25.44,1.73,17.77,1.71,27.01,1.56,19.06,1.26,SO,2,11.897000000000002,23.43
303,22.13,2.1,26.53,1.78,17.83,1.63,26.12,1.52,18.74,1.2,SO,2,11.958,24.23
304,21.82,2.0,26.73,1.77,17.53,1.59,25.82,1.39,18.79,1.37,SO,2,11.881,23.82
305,16.5,1.46,19.44,1.42,15.58,1.21,26.21,1.17,18.45,1.14,SO,2,10.258000000000001,17.96
306,15.97,1.47,19.91,1.32,15.11,1.24,25.99,1.14,18.36,1.4,SO,2,10.191,17.44
307,17.13,1.49,20.38,1.33,15.24,1.16,27.96,1.2,20.1,1.24,SO,2,10.723,18.619999999999997
308,15.46,1.46,19.12,1.36,14.75,1.18,26.25,1.22,17.9,1.12,SO,2,9.982000000000003,16.92
309,21.68,1.93,24.84,1.86,20.85,1.78,35.22,1.57,24.11,1.51,SO,2,13.534999999999997,23.61
310,22.14,1.91,25.71,1.74,20.6,1.67,35.44,1.42,23.86,1.92,SO,2,13.641,24.05
311,22.26,1.77,24.58,1.67,21.28,1.68,36.06,1.43,24.14,1.41,SO,2,13.628,24.03
312,25.4,1.84,24.18,1.73,24.02,1.94,38.97,1.54,27.26,1.48,SO,2,14.835999999999999,27.24
313,24.43,2.08,25.98,1.84,23.77,1.78,39.14,1.9,27.92,1.48,SO,2,15.032,26.509999999999998
314,20.36,1.91,21.92,1.54,21.56,1.81,36.81,1.56,26.31,1.27,SO,2,13.505,22.27
315,21.31,2.24,26.66,1.87,18.99,1.64,30.64,1.43,20.76,1.18,SO,2,12.672,23.549999999999997
316,20.97,2.16,26.27,1.85,18.89,1.36,31.01,1.23,20.28,1.11,SO,2,12.513000000000002,23.13
317,21.04,2.12,26.27,1.81,18.54,1.39,29.5,1.39,19.9,1.11,SO,2,12.307,23.16
318,25.36,2.36,28.04,1.68,22.76,1.77,35.58,1.42,24.61,1.63,SO,2,14.520999999999997,27.72
319,23.88,2.4,29.16,1.74,22.84,2.02,37.24,1.54,26.15,1.32,SO,2,14.828999999999999,26.279999999999998
320,24.56,2.25,28.53,1.94,23.13,1.86,38.27,1.62,26.68,1.95,SO,2,15.078999999999999,26.81
321,24.03,2.37,29.26,1.94,22.58,1.88,37.13,1.73,25.39,1.43,SO,2,14.774000000000001,26.400000000000002
322,18.12,1.61,22.32,1.38,16.42,1.13,26.64,1.1,17.74,0.98,SO,2,10.744,19.73
323,18.69,1.75,22.76,1.57,16.75,1.3,26.6,1.05,18.0,0.92,SO,2,10.939,20.44
324,18.94,1.83,22.95,1.69,17.25,1.25,28.59,1.16,18.86,0.97,SO,2,11.349,20.770000000000003
325,27.9,2.51,31.56,2.07,24.08,2.28,45.9,2.09,34.98,1.6,SO,2,17.496999999999996,30.409999999999997
326,26.49,2.38,30.38,2.04,22.99,2.14,42.19,1.87,33.71,1.46,SO,2,16.565000000000005,28.869999999999997
327,26.75,2.39,30.48,1.97,23.11,2.08,44.2,1.79,34.47,1.58,SO,2,16.882,29.14
328,27.06,2.5,30.28,2.1,23.96,2.24,46.02,1.76,33.91,1.76,SO,2,17.159,29.56
329,19.0,1.68,24.0,1.45,14.86,1.23,27.19,1.01,20.05,0.86,SO,2,11.133,20.68
330,19.34,1.69,24.89,1.51,15.29,1.28,28.63,1.22,21.95,0.94,SO,2,11.674,21.03
331,20.19,1.85,26.41,1.53,15.71,1.29,29.66,1.15,21.9,1.05,SO,2,12.074,22.040000000000003
332,21.85,2.06,25.9,1.75,20.86,1.72,34.26,1.43,23.25,1.18,SO,2,13.426000000000002,23.91
333,20.8,1.95,23.44,1.6,20.67,1.45,35.52,1.45,25.41,1.36,SO,2,13.365000000000004,22.75
334,20.62,1.87,23.45,1.75,20.96,1.68,34.64,1.76,24.8,1.46,SO,2,13.299000000000003,22.490000000000002
335,22.35,2.01,25.13,1.85,21.98,1.69,36.5,1.71,26.42,1.52,SO,2,14.116,24.36
336,26.23,2.3,30.53,2.15,24.85,1.96,41.33,1.71,29.01,1.77,SO,2,16.184,28.53
337,26.32,2.34,30.17,2.18,24.74,1.91,41.6,1.77,28.98,1.88,SO,2,16.189,28.66
338,25.57,2.18,29.05,2.15,25.24,1.91,40.9,1.83,28.05,2.0,SO,2,15.888000000000002,27.75
339,24.67,1.9,27.06,2.1,24.7,1.86,39.72,1.99,27.22,1.7,SO,2,15.291999999999996,26.57
340,30.26,2.54,34.8,2.09,29.66,2.2,48.67,2.16,34.77,2.0,SO,2,18.915,32.800000000000004
341,29.38,2.44,29.84,2.44,28.95,2.13,47.18,2.19,31.46,1.88,SO,2,17.788999999999998,31.82
342,,,,,32.54,2.65,55.06,2.81,38.94,2.25,SO,2,22.375,
343,30.1,2.49,34.69,2.26,28.74,2.08,49.08,2.1,36.09,1.88,SO,2,18.951,32.59
344,31.14,2.87,37.34,2.81,28.44,2.31,48.65,2.3,33.98,1.97,SO,2,19.181,34.01
345,32.08,2.7,38.3,2.63,28.76,2.21,49.85,1.99,35.29,1.73,SO,2,19.554,34.78
346,32.31,3.0,39.03,2.73,29.51,2.39,51.04,2.4,36.11,2.03,SO,2,20.055000000000003,35.31
347,23.99,2.19,28.88,1.96,23.16,1.75,38.98,1.83,27.21,1.43,SO,2,15.138,26.18
348,22.25,1.92,25.93,1.61,22.15,1.66,38.48,1.46,26.74,1.23,SO,2,14.342999999999998,24.17
349,21.88,2.02,25.45,1.68,21.64,1.73,37.26,1.38,26.0,1.24,SO,2,14.028,23.9
350,26.71,2.32,31.71,1.9,25.11,2.23,47.91,2.08,48.35,1.95,SO,2,19.026999999999997,29.03
351,29.18,2.39,34.32,2.04,27.66,2.09,49.66,1.96,36.26,1.7,SO,2,18.726,31.57
352,25.78,2.21,28.16,1.84,23.29,1.75,42.34,1.58,30.39,1.34,SO,2,15.868,27.990000000000002
353,26.09,2.17,28.99,1.77,27.74,2.15,46.64,2.04,32.85,1.81,SO,2,17.225,28.259999999999998
354,28.14,2.35,30.63,1.86,28.49,2.18,49.07,2.07,34.64,1.78,SO,2,18.121000000000002,30.490000000000002
355,18.68,1.62,24.78,1.4,16.16,1.12,29.67,1.06,22.09,0.78,SO,2,11.736,20.3
356,18.3,1.69,22.97,1.48,18.16,1.5,36.39,1.24,27.46,0.98,SO,2,13.017,19.990000000000002
357,20.64,1.97,26.1,1.61,20.61,1.56,40.19,1.47,30.63,1.22,SO,2,14.6,22.61
358,19.4,1.88,25.08,1.57,18.89,1.52,36.89,1.31,29.86,1.04,SO,2,13.743999999999996,21.279999999999998
359,17.32,1.83,24.34,1.36,18.36,1.2,37.26,1.3,25.03,1.05,SO,2,12.904999999999998,19.15
360,21.38,1.87,27.42,1.7,20.67,1.54,37.88,1.33,28.55,1.08,SO,2,14.342000000000002,23.25
361,20.08,2.07,25.78,1.81,20.43,1.62,38.3,1.35,30.25,1.09,SO,2,14.278,22.15
362,20.1,1.89,25.57,1.8,20.42,1.65,37.05,1.42,28.62,0.96,SO,2,13.948000000000002,21.990000000000002
363,19.96,1.88,25.19,1.66,19.53,1.48,36.65,1.4,27.65,1.11,SO,2,13.651000000000002,21.84
364,30.21,2.97,37.31,2.58,27.71,2.0,47.98,1.98,33.79,1.61,SO,2,18.814,33.18
365,29.52,2.92,37.47,2.37,28.22,2.25,47.49,1.98,34.6,1.63,SO,2,18.845,32.44
366,16.93,1.52,19.49,1.12,15.81,1.19,28.89,1.08,21.41,0.92,SO,2,10.835999999999999,18.45
367,13.31,1.17,16.47,1.06,12.32,0.93,22.47,0.95,15.97,0.75,SO,2,8.54,14.48
368,15.24,1.4,18.37,1.13,13.75,1.05,25.57,0.91,19.1,0.86,SO,2,9.738000000000001,16.64
369,13.48,1.27,16.0,1.0,12.67,1.1,23.12,0.88,16.34,0.89,SO,2,8.675,14.75
370,13.38,1.14,16.51,1.23,12.48,1.12,24.91,0.92,17.55,0.88,SO,2,9.011999999999999,14.520000000000001
371,13.67,1.27,17.52,1.08,12.77,1.16,25.47,0.98,18.15,1.28,SO,2,9.334999999999999,14.94
372,14.51,1.49,18.79,1.12,14.07,1.01,25.85,1.0,18.38,0.8,SO,2,9.702,16.0
373,14.62,1.39,19.23,1.12,14.13,0.97,26.11,1.03,18.23,0.73,SO,2,9.756,16.009999999999998
374,14.88,1.49,19.55,1.15,13.69,0.98,25.54,0.91,18.15,0.69,SO,2,9.703,16.37
375,14.61,1.37,20.3,1.23,14.28,1.04,25.09,0.88,17.39,0.79,SO,2,9.698,15.98
376,13.52,1.28,17.88,1.07,15.1,1.05,25.14,1.23,17.81,0.69,SO,2,9.477,14.799999999999999
377,12.69,1.69,17.44,1.16,11.83,1.03,23.8,0.87,16.97,0.66,SO,2,8.814,14.379999999999999
378,20.1,1.86,,1.52,17.21,1.22,,,18.46,0.91,SO,2,8.754285714285713,21.96
379,22.26,1.94,27.69,1.71,17.27,1.28,27.29,1.26,17.49,1.02,SO,2,11.921,24.200000000000003
380,24.84,2.32,28.88,2.01,25.65,2.01,40.2,1.83,26.66,1.65,SO,2,15.605,27.16
381,23.52,2.16,29.33,1.72,20.59,1.49,32.45,1.13,19.33,1.0,SO,2,13.271999999999997,25.68
382,22.55,2.27,28.3,1.76,19.89,1.52,30.95,1.39,18.68,1.06,SO,2,12.837,24.82
383,23.94,2.45,27.86,1.95,24.02,1.87,35.62,1.86,22.99,1.43,SO,2,14.399000000000001,26.39
384,48.2,4.08,61.94,3.75,40.11,3.1,62.09,3.21,37.26,2.46,SO,2,26.619999999999997,52.28
385,24.28,2.16,30.29,1.91,20.32,1.62,29.29,1.47,24.48,1.39,SO,2,13.720999999999998,26.44
386,25.24,2.42,32.13,2.1,21.14,1.69,29.58,1.57,25.49,1.42,SO,2,14.277999999999997,27.659999999999997
387,23.9,2.32,28.83,1.67,21.18,1.85,33.11,1.61,23.02,1.33,SO,2,13.882000000000001,26.22
388,23.82,2.19,29.6,1.88,20.35,1.56,28.54,1.54,23.38,1.26,SO,2,13.412,26.01
389,19.63,1.76,23.58,1.33,18.85,1.54,33.1,1.34,24.09,1.14,SO,2,12.636000000000003,21.39
390,20.43,1.59,22.68,1.39,20.0,1.54,35.63,1.33,25.57,1.57,SO,2,13.173000000000002,22.02
391,22.19,1.86,24.93,1.52,24.14,1.78,40.17,1.73,29.61,1.43,SO,2,14.936000000000002,24.05
392,23.27,2.0,24.8,1.83,26.04,1.79,41.91,1.67,29.76,1.39,SO,2,15.445999999999998,25.27
393,18.97,1.58,21.26,1.4,21.5,1.55,36.52,1.52,25.04,1.47,SO,2,13.081,20.549999999999997
394,15.99,1.35,18.32,1.13,15.84,1.19,30.05,1.23,22.94,1.08,SO,2,10.911999999999999,17.34
395,15.62,1.28,18.52,1.06,15.75,1.17,28.63,1.03,21.39,0.88,SO,2,10.533,16.9
396,16.51,1.47,20.56,1.43,15.88,1.27,,1.19,17.63,1.02,SO,2,8.55111111111111,17.98
397,16.8,1.58,19.77,1.39,16.86,1.29,29.75,1.18,21.77,1.04,SO,2,11.143,18.380000000000003
398,15.55,1.48,18.93,1.3,17.58,1.23,31.65,1.14,24.12,0.98,SO,2,11.396,17.03
399,23.32,2.06,27.9,1.84,22.49,1.66,34.77,1.42,23.05,1.18,SO,2,13.969,25.38
400,20.41,1.82,22.66,1.71,18.14,1.52,29.3,1.21,20.29,1.15,SO,2,11.821000000000002,22.23
401,21.53,1.91,25.3,1.67,20.8,1.65,34.08,1.33,23.86,1.27,SO,2,13.34,23.44
402,22.84,2.21,27.7,2.06,22.13,1.72,34.6,1.69,25.08,1.39,SO,2,14.141999999999996,25.05
403,20.95,1.89,24.12,1.66,21.24,1.84,36.71,1.53,25.99,1.23,SO,2,13.716,22.84
404,20.36,1.87,22.19,1.6,,1.77,37.47,1.64,25.54,1.34,SO,2,12.642222222222223,22.23
405,17.3,1.68,20.43,1.33,15.51,1.15,25.96,0.88,17.41,0.81,SO,2,10.245999999999999,18.98
406,16.86,1.58,20.72,1.36,14.92,1.13,24.56,0.98,16.76,0.81,SO,2,9.968,18.439999999999998
407,15.7,1.42,18.58,1.2,15.22,1.08,25.39,0.92,16.88,0.74,SO,2,9.713,17.119999999999997
408,19.54,1.86,23.35,1.47,18.34,1.46,29.05,1.35,19.68,1.08,SO,2,11.718,21.4
409,23.27,2.15,27.62,2.16,21.86,1.64,35.55,1.51,23.23,1.32,SO,2,14.031,25.419999999999998
410,23.04,2.15,28.29,1.94,21.46,1.67,33.41,1.42,22.48,1.27,SO,2,13.713,25.189999999999998
411,21.21,1.88,23.35,1.62,21.97,1.55,35.02,1.4,22.35,1.24,SO,2,13.159,23.09
412,21.92,1.8,25.73,1.49,19.98,1.35,30.47,1.36,20.11,1.25,SO,2,12.546,23.720000000000002
413,12.95,1.16,14.09,1.03,13.03,1.03,22.13,0.96,15.19,1.02,SO,2,8.258999999999999,14.11
414,13.63,1.16,15.22,1.06,13.75,0.99,23.13,0.96,15.62,1.01,SO,2,8.653,14.790000000000001
415,17.96,1.63,19.25,1.33,18.36,1.54,31.25,1.33,21.99,1.15,SO,2,11.578999999999999,19.59
416,19.21,1.64,20.76,1.49,19.24,1.45,33.21,1.28,23.6,1.15,SO,2,12.303,20.85
417,18.79,1.63,19.83,1.53,20.96,1.43,34.45,1.41,22.86,1.21,SO,2,12.41,20.419999999999998
418,20.38,1.78,22.53,1.5,21.35,1.48,36.09,1.53,25.98,1.24,SO,2,13.386000000000001,22.16
419,17.89,1.44,19.26,1.1,17.62,1.34,29.81,1.24,21.69,1.05,SO,2,11.244,19.330000000000002
